url,contentType
https://img-9gag-fun.9cache.com/photo/aj5dz8x_460svvp9.webm,video
https://img-9gag-fun.9cache.com/photo/ae5P4Bq_460swp.webp,image
https://img-9gag-fun.9cache.com/photo/aAgNm9L_700bwp.webp,image
https://img-9gag-fun.9cache.com/photo/ae5P4Bq_700bwp.webp,image
https://img-9gag-fun.9cache.com/photo/a2RGMyY_460swp.webp,image
https://img-9gag-fun.9cache.com/photo/aAgXjep_460swp.webp,image
https://img-9gag-fun.9cache.com/photo/aZ7EOAX_460svav1.mp4,video
https://img-9gag-fun.9cache.com/photo/aXjWd5D_460swp.webp,image
https://img-9gag-fun.9cache.com/photo/aWEbrnZ_460svvp9.webm,video
https://img-9gag-fun.9cache.com/photo/aPRomOG_460svav1.mp4,video
https://img-9gag-fun.9cache.com/photo/aBgN68A_460svav1.mp4,video
https://img-9gag-fun.9cache.com/photo/an5WR1b_460swp.webp,image
https://img-9gag-fun.9cache.com/photo/aGgNnx0_460sv.mp4,video
https://img-9gag-fun.9cache.com/photo/aEgEpgo_460swp.webp,image
https://img-9gag-fun.9cache.com/photo/ap5VvYD_460swp.webp,image
https://img-9gag-fun.9cache.com/photo/am5bWqo_460swp.webp,image
https://img-9gag-fun.9cache.com/photo/a85nGxY_460swp.webp,image
https://img-9gag-fun.9cache.com/photo/a4RzB5p_700bwp.webp,image
https://img-9gag-fun.9cache.com/photo/aZ7V1ez_460swp.webp,image
https://img-9gag-fun.9cache.com/photo/aMYNB7G_460swp.webp,image
https://img-9gag-fun.9cache.com/photo/aXjdoPd_460swp.webp,image
https://img-9gag-fun.9cache.com/photo/ad545XV_460swp.webp,image
https://preview.redd.it/ak1novtaatn31.jpg?width=640&crop=smart&auto=webp&s=c01b0dcf5c7f329b412bd9510f187bc82cdb6853,image
