quote,author,contentType
The Way Get Started Is To Quit Talking And Begin Doing.,Walt Disne,quote
The Pessimist Sees Difficulty In Every Opportunity. The Optimist Sees Opportunity In Every Difficulty.,Winston Churchil,quote
Don’t Let Yesterday Take Up Too Much Of Today.,Will Roger,quote
You Learn More From Failure Than From Success. Don’t Let It Stop You. Failure Builds Character.,Unknow,quote
"It’s Not Whether You Get Knocked Down, It’s Whether You Get Up.",Inspirational Quote By Vince Lombard,quote
"If You Are Working On Something That You Really Care About, You Don’t Have To Be Pushed. The Vision Pulls You.",Steve Job,quote
"People Who Are Crazy Enough To Think They Can Change The World, Are The Ones Who Do.",Rob Siltane,quote
Failure Will Never Overtake Me If My Determination To Succeed Is Strong Enough.,Og Mandin,quote
Entrepreneurs Are Great At Dealing With Uncertainty And Also Very Good At Minimizing Risk. That’s The Classic Entrepreneur.,Mohnish Pabra,quote
We May Encounter Many Defeats But We Must Not Be Defeated.,Maya Angelo,quote
"Knowing Is Not Enough, We Must Apply. Wishing Is Not Enough We Must Do.",Johann Wolfgang Von Goeth,quote
Imagine Your Life Is Perfect In Every Respect. What Would It Look Like?,Brian Trac,quote
We Generate Fears While We Sit. We Overcome Them By Action.,Dr. Henry Lin,quote
"Whether You Think You Can Or Think You Can’t, You’re Right.",Quote By Henry For,quote
Security Is Mostly A Superstition. Life Is Either A Daring Adventure Or Nothing.,Life Quote By Helen Kelle,quote
The Man Who Has Confidence In Himself Gains The Confidence Of Others.,Hasidic Prover,quote
The Only Limit To Our Realization Of Tomorrow Will Be Our Doubts Of Today.,Franklin D. Roosevel,quote
Creativity Is Intelligence Having Fun.,Albert Einstei,quote
"What You Lack In Talent Can Be Made Up With Desire, Hustle And Giving 110% All The Time.",Don Zimme,quote
"Do What You Can With All You Have, Wherever You Are.",Theodore Roosevel,quote
Develop An ‘Attitude Of Gratitude’. Say Thank You To Everyone You Meet For Everything They Do For You.,Brian Trac,quote
You Are Never Too Old To Set Another Goal Or To Dream A New Dream.,C.S. Lewi,quote
To See What Is Right And Not Do It Is A Lack Of Courage.,Confuciu,quote
"Reading Is To The Mind, As Exercise Is To The Body.",Brian Trac,quote
Fake It Until You Make It! Act As If You Had All The Confidence You Require Until It Becomes Your Reality.,Brian Trac,quote
"The Future Belongs To The Competent. Get Good, Get Better, Be The Best!",Success Quote By Brian Trac,quote
"For Every Reason It’s Not Possible, There Are Hundreds Of People Who Have Faced The Same Circumstances And Succeeded.",Jack Canfiel,quote
Things Work Out Best For Those Who Make The Best Of How Things Work Out.,Positive Quote By John Woode,quote
"I Think Goals Should Never Be Easy, They Should Force You To Work, Even If They Are Uncomfortable At The Time.",Michael Phelp,quote
One Of The Lessons That I Grew Up With Was To Always Stay True To Yourself And Never Let What Somebody Else Says Distract You From Your Goals.,Michelle Obam,quote
Today’s Accomplishments Were Yesterday’s Impossibilities.,Robert H. Schulle,quote
"The Only Way To Do Great Work Is To Love What You Do. If You Haven’t Found It Yet, Keep Looking. Don’t Settle.",Steve Job,quote
"You Don’t Have To Be Great To Start, But You Have To Start To Be Great.",Zig Zigla,quote
"A Clear Vision, Backed By Definite Plans, Gives You A Tremendous Feeling Of Confidence And Personal Power.",Brian Trac,quote
"There Are No Limits To What You Can Accomplish, Except The Limits You Place On Your Own Thinking.",Brian Trac,quote
Integrity Is The Most Valuable And Respected Quality Of Leadership. Always Keep Your Word.,,quote
Leadership Is The Ability To Get Extraordinary Achievement From Ordinary People,,quote
The Best Leaders Have A High Consideration Factor. They Really Care About Their People,,quote
Leaders Think And Talk About The Solutions.,,quote
The Key Responsibility Of Leadership Is To Think About The Future. No One Else Can Do It For You.,,quote
The Effective Leader Recognizes That They Are More Dependent On Their People Than They Are On Them. Walk Softly.,,quote
Leaders Never Use The Word Failure. They Look Upon Setbacks As Learning Experiences.,,quote
Practice Golden Rule Management In Everything You Do. Manage Others The Way You Would Like To Be Managed.,,quote
Superior Leaders Are Willing To Admit A Mistake And Cut Their Losses. Be Willing To Admit That You’ve Changed Your Mind. Don’t Persist When The Original Decision Turns Out To Be A Poor One.,,quote
Leaders Are Anticipatory Thinkers. They Consider All Consequences Of Their Behaviors Before They Act.,,quote
The True Test Of Leadership Is How Well You Function In A Crisis.,,quote
"Leaders Concentrate Single-Mindedly On One Thing– The Most Important Thing, And They Stay At It Until It’s Complete.",,quote
"The Three ‘C’s’ Of Leadership Are Consideration, Caring, And Courtesy. Be Polite To Everyone.",,quote
Respect Is The Key Determinant Of High-Performance Leadership. How Much People Respect You Determines How Well They Perform.,,quote
Leadership Is More Who You Are Than What You Do.,,quote
Entrepreneurial Leadership Requires The Ability To Move Quickly When Opportunity Presents Itself.,,quote
"Leaders Are Innovative, Entrepreneurial, And Future-Oriented. They Focus On Getting The Job Done.",,quote
